timestamp,run_id,scenario,step,target,status,duration_sec,message
2026-07-27T15:45:52+09:00,20260727-154552,switch-to-onprem,check_context,eks-a,FAILED,0,"exit_code=1"
2026-07-27T15:45:52+09:00,20260727-154552,provision-dr,check_onprem_context,kubernetes-admin@kubernetes,SUCCESS,0,"completed"
2026-07-27T15:45:52+09:00,20260727-154552,switch-to-onprem,total,switch-to-onprem,FAILED,0,"온프레미스 전환 실패 및 replica 롤백 수행"
2026-07-27T15:45:52+09:00,20260727-154552,provision-dr,check_onprem_cluster,kubernetes-admin@kubernetes,SUCCESS,0,"completed"
2026-07-27T15:46:03+09:00,20260727-154552,provision-dr,terraform_init_02-eks,02-eks,SUCCESS,11,"completed"
2026-07-27T15:46:17+09:00,20260727-154552,provision-dr,terraform_apply_02-eks,02-eks,FAILED,14,"exit_code=1"
2026-07-27T15:46:17+09:00,20260727-154552,provision-dr,total,provision-dr,FAILED,25,"02-eks Terraform apply 실패"
2026-07-27T16:00:41+09:00,20260727-160041,switch-to-onprem,check_context,eks-a,FAILED,0,"exit_code=1"
2026-07-27T16:00:41+09:00,20260727-160041,switch-to-onprem,total,switch-to-onprem,FAILED,0,"온프레미스 전환 실패 및 replica 롤백 수행"
2026-07-27T16:00:42+09:00,20260727-160041,provision-dr,check_onprem_context,kubernetes-admin@kubernetes,SUCCESS,0,"completed"
2026-07-27T16:00:42+09:00,20260727-160041,provision-dr,check_onprem_cluster,kubernetes-admin@kubernetes,SUCCESS,0,"completed"
2026-07-27T16:00:47+09:00,20260727-160041,provision-dr,terraform_init_02-eks,02-eks,SUCCESS,5,"completed"
2026-07-27T16:01:02+09:00,20260727-160041,provision-dr,terraform_apply_02-eks,02-eks,FAILED,14,"exit_code=1"
2026-07-27T16:01:02+09:00,20260727-160041,provision-dr,total,provision-dr,FAILED,21,"02-eks Terraform apply 실패"
2026-07-27T16:04:34+09:00,20260727-160434,switch-to-onprem,check_context,eks-a,FAILED,0,"exit_code=1"
2026-07-27T16:04:35+09:00,20260727-160434,switch-to-onprem,total,switch-to-onprem,FAILED,1,"온프레미스 전환 실패 및 replica 롤백 수행"
2026-07-27T16:04:35+09:00,20260727-160434,provision-dr,check_onprem_context,kubernetes-admin@kubernetes,SUCCESS,1,"completed"
2026-07-27T16:04:35+09:00,20260727-160434,provision-dr,check_onprem_cluster,kubernetes-admin@kubernetes,SUCCESS,0,"completed"
2026-07-27T16:04:40+09:00,20260727-160434,provision-dr,terraform_init_02-eks,02-eks,SUCCESS,5,"completed"
2026-07-27T16:04:51+09:00,20260727-160434,provision-dr,terraform_apply_02-eks,02-eks,FAILED,11,"exit_code=1"
2026-07-27T16:04:51+09:00,20260727-160434,provision-dr,total,provision-dr,FAILED,17,"02-eks Terraform apply 실패"
2026-07-27T16:05:51+09:00,20260727-160551,switch-to-onprem,check_context,eks-a,FAILED,0,"exit_code=1"
2026-07-27T16:05:51+09:00,20260727-160551,provision-dr,check_onprem_context,kubernetes-admin@kubernetes,SUCCESS,0,"completed"
2026-07-27T16:05:51+09:00,20260727-160551,switch-to-onprem,total,switch-to-onprem,FAILED,0,"온프레미스 전환 실패 및 replica 롤백 수행"
2026-07-27T16:05:52+09:00,20260727-160551,provision-dr,check_onprem_cluster,kubernetes-admin@kubernetes,SUCCESS,1,"completed"
2026-07-27T16:05:58+09:00,20260727-160551,provision-dr,terraform_init_02-eks,02-eks,SUCCESS,6,"completed"
2026-07-27T16:06:12+09:00,20260727-160551,provision-dr,terraform_apply_02-eks,02-eks,FAILED,13,"exit_code=1"
2026-07-27T16:06:12+09:00,20260727-160551,provision-dr,total,provision-dr,FAILED,21,"02-eks Terraform apply 실패"
2026-07-27T16:06:59+09:00,20260727-160659,switch-to-onprem,check_context,eks-a,FAILED,0,"exit_code=1"
2026-07-27T16:06:59+09:00,20260727-160659,provision-dr,check_onprem_context,kubernetes-admin@kubernetes,SUCCESS,0,"completed"
2026-07-27T16:07:00+09:00,20260727-160659,switch-to-onprem,total,switch-to-onprem,FAILED,1,"온프레미스 전환 실패 및 replica 롤백 수행"
2026-07-27T16:07:00+09:00,20260727-160659,provision-dr,check_onprem_cluster,kubernetes-admin@kubernetes,SUCCESS,1,"completed"
2026-07-27T16:07:05+09:00,20260727-160659,provision-dr,terraform_init_02-eks,02-eks,SUCCESS,5,"completed"
2026-07-27T16:07:15+09:00,20260727-160659,provision-dr,terraform_apply_02-eks,02-eks,FAILED,10,"exit_code=1"
2026-07-27T16:07:15+09:00,20260727-160659,provision-dr,total,provision-dr,FAILED,16,"02-eks Terraform apply 실패"
2026-07-27T16:08:01+09:00,20260727-160800,switch-to-onprem,check_context,eks-a,FAILED,1,"exit_code=1"
2026-07-27T16:08:01+09:00,20260727-160800,provision-dr,check_onprem_context,kubernetes-admin@kubernetes,SUCCESS,1,"completed"
2026-07-27T16:08:01+09:00,20260727-160800,switch-to-onprem,total,switch-to-onprem,FAILED,1,"온프레미스 전환 실패 및 replica 롤백 수행"
2026-07-27T16:08:01+09:00,20260727-160800,provision-dr,check_onprem_cluster,kubernetes-admin@kubernetes,SUCCESS,0,"completed"
2026-07-27T16:08:05+09:00,20260727-160800,provision-dr,terraform_init_02-eks,02-eks,SUCCESS,4,"completed"
2026-07-27T16:08:15+09:00,20260727-160800,provision-dr,terraform_apply_02-eks,02-eks,FAILED,10,"exit_code=1"
2026-07-27T16:08:15+09:00,20260727-160800,provision-dr,total,provision-dr,FAILED,15,"02-eks Terraform apply 실패"
2026-07-27T16:08:30+09:00,20260727-160829,switch-to-onprem,check_context,eks-a,FAILED,0,"exit_code=1"
2026-07-27T16:08:30+09:00,20260727-160829,provision-dr,check_onprem_context,kubernetes-admin@kubernetes,SUCCESS,0,"completed"
2026-07-27T16:08:30+09:00,20260727-160829,switch-to-onprem,total,switch-to-onprem,FAILED,0,"온프레미스 전환 실패 및 replica 롤백 수행"
2026-07-27T16:08:30+09:00,20260727-160829,provision-dr,check_onprem_cluster,kubernetes-admin@kubernetes,SUCCESS,0,"completed"
2026-07-27T16:08:34+09:00,20260727-160829,provision-dr,terraform_init_02-eks,02-eks,SUCCESS,4,"completed"
2026-07-27T16:08:42+09:00,20260727-160829,provision-dr,terraform_apply_02-eks,02-eks,FAILED,8,"exit_code=1"
2026-07-27T16:08:42+09:00,20260727-160829,provision-dr,total,provision-dr,FAILED,12,"02-eks Terraform apply 실패"
2026-07-27T16:09:25+09:00,20260727-160925,switch-to-onprem,check_context,eks-a,FAILED,0,"exit_code=1"
2026-07-27T16:09:25+09:00,20260727-160925,provision-dr,check_onprem_context,kubernetes-admin@kubernetes,SUCCESS,0,"completed"
2026-07-27T16:09:25+09:00,20260727-160925,switch-to-onprem,total,switch-to-onprem,FAILED,0,"온프레미스 전환 실패 및 replica 롤백 수행"
2026-07-27T16:09:25+09:00,20260727-160925,provision-dr,check_onprem_cluster,kubernetes-admin@kubernetes,SUCCESS,0,"completed"
2026-07-27T16:09:32+09:00,20260727-160925,provision-dr,terraform_init_02-eks,02-eks,SUCCESS,7,"completed"
2026-07-27T16:09:42+09:00,20260727-160925,provision-dr,terraform_apply_02-eks,02-eks,FAILED,10,"exit_code=1"
2026-07-27T16:09:42+09:00,20260727-160925,provision-dr,total,provision-dr,FAILED,17,"02-eks Terraform apply 실패"
2026-07-27T16:16:13+09:00,20260727-161612,provision-dr,check_onprem_context,kubernetes-admin@kubernetes,SUCCESS,1,"completed"
2026-07-27T16:16:13+09:00,20260727-161612,switch-to-onprem,check_context,eks-a,FAILED,1,"exit_code=1"
2026-07-27T16:16:13+09:00,20260727-161612,switch-to-onprem,total,switch-to-onprem,FAILED,1,"온프레미스 전환 실패 및 replica 롤백 수행"
2026-07-27T16:16:13+09:00,20260727-161612,provision-dr,check_onprem_cluster,kubernetes-admin@kubernetes,SUCCESS,0,"completed"
2026-07-27T16:16:18+09:00,20260727-161612,provision-dr,terraform_init_02-eks,02-eks,SUCCESS,5,"completed"
2026-07-27T16:22:10+09:00,20260727-162210,switch-to-onprem,check_context,eks-a,FAILED,0,"exit_code=1"
2026-07-27T16:22:10+09:00,20260727-162210,provision-dr,check_onprem_context,kubernetes-admin@kubernetes,SUCCESS,0,"completed"
2026-07-27T16:22:10+09:00,20260727-162210,switch-to-onprem,total,switch-to-onprem,FAILED,0,"온프레미스 전환 실패 및 replica 롤백 수행"
2026-07-27T16:22:10+09:00,20260727-162210,provision-dr,check_onprem_cluster,kubernetes-admin@kubernetes,SUCCESS,0,"completed"
2026-07-27T16:22:14+09:00,20260727-162210,provision-dr,terraform_init_02-eks,02-eks,SUCCESS,4,"completed"
2026-07-27T16:34:19+09:00,20260727-162210,provision-dr,terraform_apply_02-eks,02-eks,SUCCESS,725,"completed"
2026-07-27T16:34:23+09:00,20260727-162210,provision-dr,update_kubeconfig,eks-b,SUCCESS,1,"completed"
2026-07-27T16:34:24+09:00,20260727-162210,provision-dr,check_eks_b_context,eks-b,SUCCESS,1,"completed"
2026-07-27T16:34:25+09:00,20260727-162210,provision-dr,check_eks_b_cluster,eks-b,SUCCESS,1,"completed"
2026-07-27T16:34:28+09:00,20260727-162210,provision-dr,wait_eks_b_nodes,eks-b,SUCCESS,3,"completed"
2026-07-27T16:34:32+09:00,20260727-162210,provision-dr,terraform_init_03-platform,03-platform,SUCCESS,4,"completed"
2026-07-27T16:35:32+09:00,20260727-162210,provision-dr,terraform_apply_03-platform,03-platform,SUCCESS,60,"completed"
2026-07-27T16:36:01+09:00,20260727-162210,provision-dr,terraform_init_04-eks-workloads,04-eks-workloads,SUCCESS,29,"completed"
2026-07-27T16:37:12+09:00,20260727-162210,provision-dr,terraform_apply_04-eks-workloads,04-eks-workloads,SUCCESS,71,"completed"
2026-07-27T16:37:20+09:00,20260727-162210,provision-dr,terraform_init_05-eks-autoscaling,05-eks-autoscaling,SUCCESS,8,"completed"
2026-07-27T16:38:38+09:00,20260727-162210,provision-dr,terraform_apply_05-eks-autoscaling,05-eks-autoscaling,SUCCESS,78,"completed"
2026-07-27T16:38:38+09:00,20260727-162210,provision-dr,wait_argocd_cluster_secret,onprem-argocd,SUCCESS,0,"completed"
2026-07-27T16:38:41+09:00,20260727-162210,provision-dr,apply_applicationsets,onprem-argocd,SUCCESS,3,"completed"
2026-07-27T16:54:07+09:00,20260727-162210,provision-dr,wait_eks_b_gitops_applications,eks-b,FAILED,926,"exit_code=1"
2026-07-27T16:54:07+09:00,20260727-162210,provision-dr,total,provision-dr,FAILED,1917,"EKS-B GitOps Application 배포 실패"
2026-07-27T17:01:20+09:00,20260727-170120,switch-to-onprem,check_context,eks-a,FAILED,0,"exit_code=1"
2026-07-27T17:01:20+09:00,20260727-170120,provision-dr,check_onprem_context,kubernetes-admin@kubernetes,SUCCESS,0,"completed"
2026-07-27T17:01:20+09:00,20260727-170120,switch-to-onprem,total,switch-to-onprem,FAILED,0,"온프레미스 전환 실패 및 replica 롤백 수행"
2026-07-27T17:01:20+09:00,20260727-170120,provision-dr,check_onprem_cluster,kubernetes-admin@kubernetes,SUCCESS,0,"completed"
2026-07-27T17:01:26+09:00,20260727-170120,provision-dr,terraform_init_02-eks,02-eks,SUCCESS,6,"completed"
2026-07-27T17:01:38+09:00,20260727-170120,provision-dr,terraform_apply_02-eks,02-eks,SUCCESS,12,"completed"
2026-07-27T17:01:42+09:00,20260727-170120,provision-dr,update_kubeconfig,eks-b,SUCCESS,2,"completed"
2026-07-27T17:01:42+09:00,20260727-170120,provision-dr,check_eks_b_context,eks-b,SUCCESS,0,"completed"
2026-07-27T17:01:43+09:00,20260727-170120,provision-dr,check_eks_b_cluster,eks-b,SUCCESS,1,"completed"
2026-07-27T17:01:46+09:00,20260727-170120,provision-dr,wait_eks_b_nodes,eks-b,SUCCESS,3,"completed"
2026-07-27T17:01:49+09:00,20260727-170120,provision-dr,terraform_init_03-platform,03-platform,SUCCESS,3,"completed"
2026-07-27T17:01:58+09:00,20260727-170120,provision-dr,terraform_apply_03-platform,03-platform,SUCCESS,9,"completed"
2026-07-27T17:02:01+09:00,20260727-170120,provision-dr,terraform_init_04-eks-workloads,04-eks-workloads,SUCCESS,3,"completed"
2026-07-27T17:02:11+09:00,20260727-170120,provision-dr,terraform_apply_04-eks-workloads,04-eks-workloads,SUCCESS,10,"completed"
2026-07-27T17:02:13+09:00,20260727-170120,provision-dr,terraform_init_05-eks-autoscaling,05-eks-autoscaling,SUCCESS,2,"completed"
2026-07-27T17:02:56+09:00,20260727-170120,provision-dr,terraform_apply_05-eks-autoscaling,05-eks-autoscaling,SUCCESS,43,"completed"
2026-07-27T17:02:57+09:00,20260727-170120,provision-dr,wait_argocd_cluster_secret,onprem-argocd,SUCCESS,1,"completed"
2026-07-27T17:02:58+09:00,20260727-170120,provision-dr,apply_applicationsets,onprem-argocd,SUCCESS,1,"completed"
2026-07-27T17:02:58+09:00,20260727-170120,provision-dr,wait_eks_b_gitops_applications,eks-b,SUCCESS,0,"completed"
2026-07-27T17:03:11+09:00,20260727-170120,provision-dr,activate_eks_b_applications,eks-b,SUCCESS,13,"completed"
2026-07-27T17:03:47+09:00,20260727-170120,provision-dr,wait_eks_b_app_pods,eks-b,SUCCESS,36,"completed"
2026-07-27T17:04:00+09:00,20260727-170120,provision-dr,eks_b_internal_health,eks-b,SUCCESS,13,"completed"
2026-07-27T17:04:15+09:00,20260727-170120,provision-dr,activate_cloudflared,eks-b,SUCCESS,9,"completed"
2026-07-27T17:04:20+09:00,20260727-170120,provision-dr,deactivate_cloudflared,onprem,SUCCESS,5,"completed"
2026-07-27T17:04:21+09:00,20260727-170120,provision-dr,external_health_after_dr_switch,eks-b,SUCCESS,0,"completed"
2026-07-27T17:04:26+09:00,20260727-170120,provision-dr,total,provision-dr,SUCCESS,186,"Terraform 02~05 및 GitOps 배포 후 EKS-B 전환 완료"
2026-07-27T17:06:26+09:00,20260727-170625,restore-primary,check_eks_a_context,eks-a,FAILED,1,"exit_code=1"
2026-07-27T17:06:26+09:00,20260727-170625,restore-primary,total,restore-primary,FAILED,1,"Primary replica 원복 실패 및 기존 상태 복구"
2026-07-27T17:07:54+09:00,20260727-170754,restore-primary,check_eks_a_context,eks-a,FAILED,0,"exit_code=1"
2026-07-27T17:07:54+09:00,20260727-170754,restore-primary,total,restore-primary,FAILED,0,"Primary replica 원복 실패 및 기존 상태 복구"
2026-07-27T17:10:07+09:00,20260727-171007,restore-primary,check_eks_a_context,eks-a,FAILED,0,"exit_code=1"
2026-07-27T17:10:07+09:00,20260727-171007,restore-primary,total,restore-primary,FAILED,0,"Primary replica 원복 실패 및 기존 상태 복구"
2026-07-27T17:10:16+09:00,20260727-171016,restore-primary,check_eks_a_context,eks-a,FAILED,0,"exit_code=1"
2026-07-27T17:10:16+09:00,20260727-171016,restore-primary,total,restore-primary,FAILED,0,"Primary replica 원복 실패 및 기존 상태 복구"
2026-07-27T17:10:21+09:00,20260727-171021,restore-primary,check_eks_a_context,eks-a,FAILED,0,"exit_code=1"
2026-07-27T17:10:21+09:00,20260727-171021,restore-primary,total,restore-primary,FAILED,0,"Primary replica 원복 실패 및 기존 상태 복구"
2026-07-27T17:15:59+09:00,20260727-171559,restore-primary,check_eks_a_context,eks-a,SUCCESS,0,"completed"
2026-07-27T17:16:01+09:00,20260727-171559,restore-primary,check_eks_a_cluster,eks-a,SUCCESS,2,"completed"
2026-07-27T17:16:03+09:00,20260727-171559,restore-primary,wait_eks_a_nodes,eks-a,SUCCESS,2,"completed"
2026-07-27T17:16:05+09:00,20260727-171559,restore-primary,wait_eks_a_app_pods,eks-a,SUCCESS,2,"completed"
2026-07-27T17:16:12+09:00,20260727-171559,restore-primary,eks_a_internal_health,eks-a,SUCCESS,7,"completed"
2026-07-27T17:16:24+09:00,20260727-171559,restore-primary,activate_cloudflared,eks-a,SUCCESS,4,"completed"
2026-07-27T17:16:30+09:00,20260727-171559,restore-primary,deactivate_cloudflared,eks-b,SUCCESS,5,"completed"
2026-07-27T17:16:31+09:00,20260727-171559,restore-primary,external_health_after_primary_restore,eks-a,SUCCESS,1,"completed"
2026-07-27T17:16:34+09:00,20260727-171559,restore-primary,total,restore-primary,SUCCESS,35,"cloudflared replica를 EKS-B에서 EKS-A로 이동 완료"
